{"cameraMode":{"drawMode":0,"name":"Shaded","section":"Shading Mode"},"sceneLighting":true,"audioPlay":false,"sceneViewState":{"showFog":true,"showMaterialUpdate":false,"showSkybox":true,"showFlares":true,"showImageEffects":true,"showParticleSystems":true},"in2DMode":false,"pivot":{"x":-289.00982666015627,"y":-82.06796264648438,"z":21.891149520874025},"rotation":{"x":-0.09271109104156494,"y":0.7039358019828796,"z":-0.09342723339796066,"w":-0.6980009078979492},"size":353.6831359863281,"orthographic":false}