{"cameraMode":{"drawMode":0,"name":"Shaded","section":"Shading Mode"},"sceneLighting":true,"audioPlay":false,"sceneViewState":{"showFog":true,"showMaterialUpdate":false,"showSkybox":true,"showFlares":true,"showImageEffects":true,"showParticleSystems":true},"in2DMode":false,"pivot":{"x":449.6207275390625,"y":201.7233428955078,"z":-246.9119873046875},"rotation":{"x":0.013498454354703427,"y":-0.013192457146942616,"z":-0.00017687378567643464,"w":-0.999828577041626},"size":236.63674926757813,"orthographic":false}